Filename,Run Count,Last Run Date
"E:\QQ下载接收文件\FoxitPDFEditor_cn_full.exe",2,133233235038500176
"C:\Users\DELL\AppData\Roaming\Microsoft\Windows\Recent\Single-Source_Domain_Expansion_Network_for_Cross-Scene_Hyperspectral_Image_Classification.pdf.lnk",2,133232835434409505
"D:\anaconda\pkgs\numba-0.55.1-py39hf11a4ad_0\Lib\site-packages\numba\experimental\function_type.py",2,133229363020211543
"C:\Program Files (x86)\XMind\resources\app.asar.unpacked\static\license\Acknowledgements.pdf",1,133232836290419890
"C:\Users\DELL\OneDrive\文档\计科合学生信息\计科合1902第二组翻译作业\05 - combinatorial logic.pdf",1,133232836179646213
"C:\Users\DELL\OneDrive\文档\计科合学生信息\计科合1902第二组翻译作业\03 - Boolean Algebra.pdf",1,133232836094075066
"C:\Users\DELL\OneDrive\文档\计科合学生信息\计科合1902第二组翻译作业\02 - Number Systems and Arithmetic .pdf",1,133232835992097830
"E:\计科合学生信息\算法协会教学\14 Dijkstra+Floyd.pdf",1,133232835013914240
"D:\anaconda\envs\pytorch\Lib\site-packages\torch\utils\data\_utils",1,133230060542105762
"D:\anaconda\envs\pytorch\Lib\site-packages\tensorboard_plugin_wit\_utils",1,133230060443908412
"C:\$Recycle.Bin\S-1-5-21-2372272060-1832086309-656003132-1001\$RZI3JFN\venv\Scripts\python.exe",1,133229380101868301
"C:\Program Files\NVIDIA Corporation\Nsight Systems 2021.5.2\host-windows-x64\python\bin\python.exe",1,133229380084833868
"C:\Program Files\NVIDIA Corporation\Nsight Systems 2021.5.2\target-windows-x64\python\bin\python.exe",1,133229380076506146
"C:\Program Files\MySQL\MySQL Workbench 8.0 CE\python.exe",1,133229380063281510
"D:\anaconda\Lib\site-packages\jedi\third_party\typeshed\stdlib\3.9",1,133229377978577109
"D:\anaconda\Lib\site-packages\numba\experimental\function_type.py",1,133229362494467353
